CLAVE,CLAVE ALTERNA,DESCRIPCION,SERVICIO (S/N),INV_MIN,INV_MAX,PRECIO COMPRA,PRECIO 1,PRECIO 2,MAYOREO 2,PRECIO 3,MAYOREO 3,PRECIO 4,MAYOREO 4,EXIST.,PESO,CARACTERISTICAS,DEPARTAMENTO,CATEGORIA,RECETA (S/N),GRANEL (S/N),IMPUESTO (S/N),IMP Regular(S/N)
VMAN-001,9338193,Manicure Vanity DELUXE,true,0,0,0.000,650.000000,0.000000,0.000,0.000000,0.000,0.000000,0.000,0.0000,0.0000,,MANOS,Manicure,N,N,N,N
VMAN-002,9338133,Manicure Vanity  SPA,true,0,0,0.000,600.000000,0.000000,0.000,0.000000,0.000,0.000000,0.000,0.0000,0.0000,,MANOS,Spa Manicure,N,N,N,N
VMAN-003,9338163,Manicure Vanity CLASSIC,true,0,0,0.000,550.000000,0.000000,0.000,0.000000,0.000,0.000000,0.000,0.0000,0.0000,,MANOS,Manicure,N,N,N,N
VMAN-004,21752811,Manicure Vanity FULL CARE,true,0,0,0.000,550.000000,0.000000,0.000,0.000000,0.000,0.000000,0.000,0.0000,0.0000,,MANOS,Spa Manicure,N,N,N,N
VMAN-005,7337395,Gelish,true,0,0,0.000,350.000000,0.000000,0.000,0.000000,0.000,0.000000,0.000,0.0000,0.0000,,MANOS,Gel Nails,N,N,N,N
VMAN-006,9382861,Base rubber,true,0,0,0.000,750.000000,0.000000,0.000,0.000000,0.000,0.000000,0.000,0.0000,0.0000,,MANOS,Nail Extensions,N,N,N,N
VMAN-007,7337392,Nail Refill,true,0,0,0.000,600.000000,0.000000,0.000,0.000000,0.000,0.000000,0.000,0.0000,0.0000,,MANOS,Gel Nails,N,N,N,N
VMAN-008,17611868,Natural Care Nails (Refuerzo sobre uña natural),true,0,0,0.000,600.000000,0.000000,0.000,0.000000,0.000,0.000000,0.000,0.0000,0.0000,,MANOS,Gel Nails,N,N,N,N
VMAN-009,9286406,Soft Gel Extensions - Tamaño #1 y #2,true,0,0,0.000,500.000000,0.000000,0.000,0.000000,0.000,0.000000,0.000,0.0000,0.0000,,MANOS,Gel Nail Extensions,N,N,N,N
VMAN-010,9286406,Soft Gel Extensions - Tamaño #3 y #4,true,0,0,0.000,550.000000,0.000000,0.000,0.000000,0.000,0.000000,0.000,0.0000,0.0000,,MANOS,Gel Nail Extensions,N,N,N,N
VMAN-011,9286406,Soft Gel Extensions - Tamaño #5 y #6,true,0,0,0.000,600.000000,0.000000,0.000,0.000000,0.000,0.000000,0.000,0.0000,0.0000,,MANOS,Gel Nail Extensions,N,N,N,N
VMAN-012,7337393,Acrylic Extensions - # 1 y 2,true,0,0,0.000,550.000000,0.000000,0.000,0.000000,0.000,0.000000,0.000,0.0000,0.0000,,MANOS,Acrylic Nails,N,N,N,N
VMAN-013,7337393,Acrylic Extensions - # 3 y 4,true,0,0,0.000,600.000000,0.000000,0.000,0.000000,0.000,0.000000,0.000,0.0000,0.0000,,MANOS,Acrylic Nails,N,N,N,N
VMAN-014,7337393,Acrylic Extensions - # 5 y 6,true,0,0,0.000,650.000000,0.000000,0.000,0.000000,0.000,0.000000,0.000,0.0000,0.0000,,MANOS,Acrylic Nails,N,N,N,N
VMAN-015,7337393,Acrylic Extensions - # 7 y 8,true,0,0,0.000,800.000000,0.000000,0.000,0.000000,0.000,0.000000,0.000,0.0000,0.0000,,MANOS,Acrylic Nails,N,N,N,N
VMAN-016,17611936,Polygel Extensions,true,0,0,0.000,600.000000,0.000000,0.000,0.000000,0.000,0.000000,0.000,0.0000,0.0000,,MANOS,Gel Nail Extensions,N,N,N,N
VPIE-001,9338209,Pedicure Vanity DELUXE,true,0,0,0.000,850.000000,0.000000,0.000,0.000000,0.000,0.000000,0.000,0.0000,0.0000,,PIES,Pedicure,N,N,N,N
VPIE-002,9338173,Pedicure Vanity SPA,true,0,0,0.000,800.000000,0.000000,0.000,0.000000,0.000,0.000000,0.000,0.0000,0.0000,,PIES,Spa Pedicure,N,N,N,N
VPIE-003,9337955,Pedicure Vanity CLASSIC,true,0,0,0.000,700.000000,0.000000,0.000,0.000000,0.000,0.000000,0.000,0.0000,0.0000,,PIES,Pedicure,N,N,N,N
VPIE-004,21752804,Pedicure Vanity FULL CARE,true,0,0,0.000,750.000000,0.000000,0.000,0.000000,0.000,0.000000,0.000,0.0000,0.0000,,PIES,Spa Pedicure,N,N,N,N
VPIE-005,7337394,Gelish Pies,true,0,0,0.000,350.000000,0.000000,0.000,0.000000,0.000,0.000000,0.000,0.0000,0.0000,,PIES,Gel Nails,N,N,N,N
VPIE-006,8954416,Acripie,true,0,0,0.000,400.000000,0.000000,0.000,0.000000,0.000,0.000000,0.000,0.0000,0.0000,,PIES,Manicure,N,N,N,N
VLAS-001,7882341,Lash Lifting,true,0,0,0.000,1000.000000,0.000000,0.000,0.000000,0.000,0.000000,0.000,0.0000,0.0000,,PESTAÑAS,Lash Lift,N,N,N,N
VLAS-002,13829782,Extension de Pestañas (Clean Girl),true,0,0,0.000,1600.000000,0.000000,0.000,0.000000,0.000,0.000000,0.000,0.0000,0.0000,,PESTAÑAS,Eyelash Extensions,N,N,N,N
VLAS-003,7882297,Extensión de Pestañas (Elegant Lashes),true,0,0,0.000,950.000000,0.000000,0.000,0.000000,0.000,0.000000,0.000,0.0000,0.0000,,PESTAÑAS,Eyelash Extensions,N,N,N,N
VLAS-004,7882301,Extensión de Pestañas (Mystery Lashes),true,0,0,0.000,1250.000000,0.000000,0.000,0.000000,0.000,0.000000,0.000,0.0000,0.0000,,PESTAÑAS,Eyelash Extensions,N,N,N,N
VLAS-005,7882323,Extensión de Pestañas (Seduction Lashes),true,0,0,0.000,1600.000000,0.000000,0.000,0.000000,0.000,0.000000,0.000,0.0000,0.0000,,PESTAÑAS,Eyelash Extensions,N,N,N,N
VLAS-006,7882289,Retoque Extensión de Pestañas de 15 a 20 días  (Elegant Lashes),true,0,0,0.000,500.000000,0.000000,0.000,0.000000,0.000,0.000000,0.000,0.0000,0.0000,,PESTAÑAS,Eyelash Extensions,N,N,N,N
VLAS-007,7882314,Retoque Extensión de Pestañas 15 a 20 días  (Mystery Lashes),true,0,0,0.000,450.000000,0.000000,0.000,0.000000,0.000,0.000000,0.000,0.0000,0.0000,,PESTAÑAS,Eyelash Extensions,N,N,N,N
VLAS-008,7882333,Retoque Extensión de Pestañas 15 a 20 dias(Seduction Lashes),true,0,0,0.000,600.000000,0.000000,0.000,0.000000,0.000,0.000000,0.000,0.0000,0.0000,,PESTAÑAS,Eyelash Extensions,N,N,N,N
VBRO-001,7882149,Microblading Vanity Brows,true,0,0,0.000,5250.000000,0.000000,0.000,0.000000,0.000,0.000000,0.000,0.0000,0.0000,,CEJAS Y ROSTRO,Microblading,N,N,N,N
VBRO-002,16092216,Retoque Microblading,true,0,0,0.000,3680.000000,0.000000,0.000,0.000000,0.000,0.000000,0.000,0.0000,0.0000,,CEJAS Y ROSTRO,Microblading,N,N,N,N
VBRO-003,13189189,Vanity Lips,true,0,0,0.000,5250.000000,0.000000,0.000,0.000000,0.000,0.000000,0.000,0.0000,0.0000,,CEJAS Y ROSTRO,Microblading,N,N,N,N
VBRO-004,9463275,Henna Brows,true,0,0,0.000,950.000000,0.000000,0.000,0.000000,0.000,0.000000,0.000,0.0000,0.0000,,CEJAS Y ROSTRO,Henna Brows,N,N,N,N
VBRO-005,7414079,Laminado de Ceja,true,0,0,0.000,700.000000,0.000000,0.000,0.000000,0.000,0.000000,0.000,0.0000,0.0000,,CEJAS Y ROSTRO,Brow Lamination,N,N,N,N
VBRO-006,8830165,Depilacion ceja,true,0,0,0.000,250.000000,0.000000,0.000,0.000000,0.000,0.000000,0.000,0.0000,0.0000,,CEJAS Y ROSTRO,Facial,N,N,N,N
VBRO-007,8831714,Depilación Facial,true,0,0,0.000,550.000000,0.000000,0.000,0.000000,0.000,0.000000,0.000,0.0000,0.0000,,CEJAS Y ROSTRO,Face Waxing,N,N,N,N
VMKP-001,7337390,Full Glam Makeup,true,0,0,0.000,1000.000000,0.000000,0.000,0.000000,0.000,0.000000,0.000,0.0000,0.0000,,MAKEUP & HAIR,Makeup Service,N,N,N,N
VMKP-002,7882005,Hair Styling Premium,true,0,0,0.000,750.000000,0.000000,0.000,0.000000,0.000,0.000000,0.000,0.0000,0.0000,,MAKEUP & HAIR,Hair Styling,N,N,N,N
VMKP-003,7882088,Hair waves,true,0,0,0.000,600.000000,0.000000,0.000,0.000000,0.000,0.000000,0.000,0.0000,0.0000,,MAKEUP & HAIR,Tinte,N,N,N,N
VMKP-004,9463253,Alisado silk touch,true,0,0,0.000,500.000000,0.000000,0.000,0.000000,0.000,0.000000,0.000,0.0000,0.0000,,MAKEUP & HAIR,Hair Styling,N,N,N,N
VBRI-001,23885127,Bridal luxury experiencie ✨💎,true,0,0,0.000,20500.000000,0.000000,0.000,0.000000,0.000,0.000000,0.000,0.0000,0.0000,,NOVIAS,Bridal Makeup,N,N,N,N
VBRI-002,23885093,Bridal Experience 💍,true,0,0,0.000,12500.000000,0.000000,0.000,0.000000,0.000,0.000000,0.000,0.0000,0.0000,,NOVIAS,Bridal Makeup,N,N,N,N
VHAI-001,7882256,ALISADO PROGRESIVO (Valoración Previa) - From,true,0,0,0.000,1800.000000,0.000000,0.000,0.000000,0.000,0.000000,0.000,0.0000,0.0000,,HAIR TREATMENTS,Permanent Hair Straightening,N,N,N,N
VHAI-002,16224132,AMPOLLETA,true,0,0,0.000,800.000000,0.000000,0.000,0.000000,0.000,0.000000,0.000,0.0000,0.0000,,HAIR TREATMENTS,Electrolysis,N,N,N,N
VHAI-003,19260375,HAIR BOTOX (valoración previa) - From,true,0,0,0.000,1000.000000,0.000000,0.000,0.000000,0.000,0.000000,0.000,0.0000,0.0000,,HAIR TREATMENTS,Hair Treatment,N,N,N,N
VHAI-004,16224112,Botox Capilar,true,0,0,0.000,600.000000,0.000000,0.000,0.000000,0.000,0.000000,0.000,0.0000,0.0000,,HAIR TREATMENTS,Blow Dry,N,N,N,N
VHAI-005,10004246,Corte SPA,true,0,0,0.000,700.000000,0.000000,0.000,0.000000,0.000,0.000000,0.000,0.0000,0.0000,,HAIR TREATMENTS,Womens Haircut,N,N,N,N
VREL-001,9489567,Masaje Relajante,true,0,0,0.000,750.000000,0.000000,0.000,0.000000,0.000,0.000000,0.000,0.0000,0.0000,,BODY/RELAX,Relaxing Massage,N,N,N,N
VREL-002,9489575,Masaje Antiestres,true,0,0,0.000,1050.000000,0.000000,0.000,0.000000,0.000,0.000000,0.000,0.0000,0.0000,,BODY/RELAX,Relaxing Massage,N,N,N,N
VEXT-001,17827819,Retiro de uñas,true,0,0,0.000,150.000000,0.000000,0.000,0.000000,0.000,0.000000,0.000,0.0000,0.0000,,Extras,TUG Breast Reconstruction,N,N,N,N
VEXT-002,8935714,Retiro de pestañas,true,0,0,0.000,200.000000,0.000000,0.000,0.000000,0.000,0.000000,0.000,0.0000,0.0000,,Extras,Lash Lift,N,N,N,N
VEXT-003,15372540,Vitamina,true,0,0,0.000,110.000000,0.000000,0.000,0.000000,0.000,0.000000,0.000,0.0000,0.0000,,Extras,Manicure,N,N,N,N
VEXT-004,15372474,Vanity Essence,true,0,0,0.000,130.000000,0.000000,0.000,0.000000,0.000,0.000000,0.000,0.0000,0.0000,,Extras,Nail Art,N,N,N,N
VEXT-005,15372486,Vanity Art,true,0,0,0.000,160.000000,0.000000,0.000,0.000000,0.000,0.000000,0.000,0.0000,0.0000,,Extras,Nail Art,N,N,N,N
VEXT-006,15372517,Vanity Iconic,true,0,0,0.000,320.000000,0.000000,0.000,0.000000,0.000,0.000000,0.000,0.0000,0.0000,,Extras,Nail Art,N,N,N,N
VEXT-007,9525550,Extensión 1 uña,true,0,0,0.000,50.000000,0.000000,0.000,0.000000,0.000,0.000000,0.000,0.0000,0.0000,,Extras,Nail Extensions,N,N,N,N
